code,name,industry,area,pe,outstanding,totals,totalAssets,liquidAssets,fixedAssets,reserved,reservedPerShare,esp,bvps,pb,timeToMarket,undp,perundp,rev,profit,gpr,npr,holders
600267,海正药业,化学制药,浙江,8.3,9.66,9.66,245.92,92.51,73.03,36.49,3.78,1.3,7.7,1.87,20000725,24.82,2.57,6.5,17542.0,45.14,15.1,37363.0
600466,蓝光发展,区域地产,四川,5.99,30.13,30.13,1827.18,1635.79,17.29,6.08,0.2,0.77,4.45,1.51,20010212,85.18,2.83,95.27,107.83,26.01,9.09,50000.0
000036,华联控股,全国地产,深圳,6.82,14.75,14.84,121.46,98.41,8.22,2.32,0.16,0.41,3.19,1.17,19940617,25.9,1.75,-16.88,-17.57,75.18,27.01,61374.0
000671,阳 光 城,区域地产,福建,9.49,39.73,40.51,3103.18,2759.83,15.72,37.01,0.91,0.49,4.89,1.44,19961218,110.2,2.72,23.47,42.56,28.38,7.04,50343.0
000933,神火股份,煤炭开采,河南,2.58,19.0,19.01,531.05,185.66,178.92,19.51,1.03,1.328,4.49,1.02,19990831,38.03,2.0,-8.44,730.83,16.6,18.81,109000.0
600723,首商股份,百货,北京,9.36,6.58,6.58,68.59,54.25,7.22,8.25,1.25,0.452,6.33,0.89,19960716,23.25,3.53,-0.91,9.44,24.2,4.09,33003.0
002081,金 螳 螂,装修装饰,江苏,9.63,25.96,26.84,362.46,317.75,8.28,3.2,0.12,0.65,5.43,1.54,20061120,104.52,3.89,22.66,10.47,18.58,7.7,67000.0
600704,物产中大,商贸代理,浙江,8.69,43.07,50.62,1041.58,733.86,69.03,39.34,0.78,0.49,4.46,1.22,19960606,93.97,1.86,18.52,29.93,2.68,0.94,68739.0
601818,光大银行,银行,北京,4.86,398.11,524.89,47232.47,0.0,189.04,535.33,1.02,0.57,5.99,0.65,20100818,1217.93,2.32,23.19,13.11,0.0,31.33,190827.0
601225,陕西煤业,煤炭开采,陕西,6.72,100.0,100.0,1245.6,331.87,387.37,73.95,0.74,0.94,5.64,1.44,20140128,356.05,3.56,23.4,2.47,43.72,17.9,46193.0
000717,韶钢松山,普钢,广东,5.81,24.2,24.2,167.47,54.05,98.75,32.09,1.33,0.5329999999999999,3.09,1.34,19970508,12.31,0.51,11.77,-53.23,9.62,5.96,119015.0
601003,柳钢股份,普钢,广西,6.58,25.63,25.63,279.68,186.65,85.91,2.08,0.08,0.579,4.09,1.24,20070227,60.04,2.34,1.94,-54.41,9.05,4.22,59411.0
600340,华夏幸福,区域地产,河北,5.67,29.79,30.13,4453.34,4023.69,56.94,18.71,0.62,3.18,13.21,1.85,20031230,341.57,11.34,42.48,23.71,40.4,15.15,80268.0
002478,常宝股份,钢加工,江苏,7.85,5.99,9.6,69.76,38.53,16.55,13.78,1.44,0.5329999999999999,4.55,1.23,20100921,16.88,1.76,3.46,39.18,25.68,12.37,23248.0
600740,山西焦化,焦炭加工,山西,7.51,7.41,15.16,215.42,63.12,36.68,78.22,5.16,0.593,6.97,0.85,19960808,9.88,0.65,0.89,-30.14,-2.57,17.13,67784.0
000885,城发环境,公路,河南,7.42,4.96,4.96,83.38,12.57,55.67,0.55,0.11,1.121,5.9,1.88,19990319,19.71,3.97,20.29,27.46,61.26,32.85,35807.0
000001,平安银行,银行,深圳,9.11,194.06,194.06,37076.83,0.0,105.87,808.16,4.16,1.32,13.82,1.07,19910403,1152.93,5.94,18.8,15.47,0.0,22.94,299958.0
000042,中洲控股,全国地产,深圳,5.02,6.62,6.65,439.07,390.6,11.24,25.15,3.78,1.393,11.44,0.81,19940921,38.74,5.83,-46.31,22.25,50.27,24.36,17491.0
601088,中国神华,煤炭开采,北京,6.7,164.91,198.9,5608.58,1762.18,2275.92,747.2,3.76,1.865,17.44,0.95,20071009,2267.98,11.4,-8.36,5.13,42.26,20.85,164571.0
600859,王府井,百货,北京,8.73,5.69,7.76,245.37,123.38,47.73,49.59,6.39,1.091,14.54,0.87,19940506,40.56,5.23,1.06,-14.33,21.11,4.37,28390.0
000966,长源电力,火力发电,湖北,6.89,11.08,11.08,97.59,18.16,61.52,9.52,0.86,0.446,3.59,1.14,20000316,16.42,1.48,16.52,191.7,17.65,8.99,46951.0
000825,太钢不锈,特种钢,山西,8.17,56.96,56.96,685.54,207.75,441.02,67.72,1.19,0.324,5.56,0.63,19981021,162.71,2.86,-3.17,-54.53,11.86,3.46,187174.0
600307,酒钢宏兴,普钢,甘肃,6.75,62.63,62.63,373.64,98.45,217.7,67.13,1.07,0.2,1.89,0.95,20001220,-25.62,-0.41,-0.89,16.7,11.62,3.49,265854.0
000531,穗恒运Ａ,火力发电,广东,9.16,6.85,6.85,94.09,24.73,30.52,8.61,1.26,0.505,5.88,1.05,19940106,20.8,3.04,-4.55,372.86,20.32,15.25,32135.0
600325,华发股份,区域地产,广东,6.21,21.08,21.17,2172.56,2033.95,6.77,9.94,0.47,0.8170000000000001,5.95,1.14,20040225,87.3,4.12,47.95,6.81,34.15,8.9,55433.0
000932,华菱钢铁,普钢,湖南,5.72,42.22,61.29,829.18,338.02,414.87,60.14,0.98,0.8,4.93,0.86,19990803,96.85,1.58,6.07,-42.37,13.3,4.15,95936.0
601918,新集能源,煤炭开采,安徽,2.96,25.91,25.91,301.57,29.11,144.31,19.29,0.74,0.747,2.83,1.04,20071219,13.25,0.51,6.33,113.28,41.82,27.02,159563.0
600153,建发股份,商贸代理,福建,9.48,28.35,28.35,2970.79,2700.28,18.17,24.3,0.86,0.644,9.87,0.82,19980616,214.49,7.57,14.78,6.24,4.63,0.87,85635.0
002110,三钢闽光,普钢,福建,5.38,22.04,24.52,277.46,146.16,97.61,50.44,2.06,1.1520000000000001,7.29,1.13,20070126,96.81,3.95,18.62,-45.45,15.39,8.88,63141.0
600036,招商银行,银行,深圳,8.71,206.29,252.2,73059.25,0.0,650.06,675.23,2.68,3.05,22.3,1.6,20020409,3262.57,12.94,10.36,14.63,0.0,37.18,295044.0
603878,武进不锈,钢加工,江苏,9.55,2.85,2.86,31.43,24.12,4.45,10.16,3.55,0.87,8.02,1.37,20161219,9.04,3.16,20.26,71.01,24.07,14.17,18717.0
600823,世茂股份,全国地产,上海,7.3,37.51,37.51,1154.52,766.51,16.45,7.78,0.21,0.41200000000000003,6.46,0.62,19940204,155.42,4.14,4.81,4.4,32.46,10.26,51436.0
603113,金能科技,化工原料,山东,8.38,3.32,6.76,70.13,28.57,22.9,17.84,2.64,0.877,8.07,1.21,20170511,27.11,4.01,-2.24,-35.74,14.62,9.55,35144.0
000921,海信家电,家用电器,广东,8.11,9.02,13.63,331.8,253.59,34.47,20.62,1.51,0.99,6.08,1.76,19990713,42.76,3.14,-6.24,17.62,20.41,4.99,30858.0
600997,开滦股份,煤炭开采,河北,5.84,15.88,15.88,259.88,125.09,99.07,25.67,1.62,0.637,7.05,0.7,20040602,55.8,3.51,1.8,2.04,15.62,6.43,62954.0
600297,广汇汽车,汽车服务,辽宁,9.07,81.1,81.6,1322.74,768.74,133.97,134.25,1.65,0.275,4.63,0.72,20001116,161.82,1.98,1.47,-28.76,10.09,1.84,37930.0
601077,渝农商行,银行,重庆,5.78,11.0,113.57,10341.92,0.0,46.02,118.98,1.05,0.76,7.64,0.77,20191029,323.17,2.85,0.0,0.0,0.0,43.16,419500.0
601298,青岛港,港口,山东,9.9,18.7,64.91,520.15,210.97,132.06,123.15,1.9,0.46,4.55,1.32,20190121,92.23,1.42,3.76,3.53,34.17,32.93,92071.0
000601,韶能股份,水力发电,广东,9.47,10.8,10.81,107.33,19.55,72.76,15.82,1.46,0.44299999999999995,4.47,1.25,19960830,14.4,1.33,29.99,77.98,30.35,14.63,58158.0
000401,冀东水泥,水泥,河北,6.51,13.47,13.48,653.15,223.9,324.72,39.6,2.94,1.72,9.5,1.67,19960614,65.31,4.85,16.0,35.96,37.68,9.41,101766.0
601939,建设银行,银行,北京,5.57,95.94,2500.11,245177.3,0.0,1657.27,1345.37,0.54,0.9009999999999999,8.29,0.81,20070925,11393.8,4.56,7.92,5.25,0.0,41.76,350336.0
600376,首开股份,区域地产,北京,5.61,25.8,25.8,2951.21,2547.18,10.85,74.71,2.9,0.82,9.31,0.74,20010312,120.32,4.66,38.78,28.57,42.53,8.04,44348.0
601166,兴业银行,银行,福建,5.02,190.52,207.74,69821.0,0.0,179.32,749.28,3.61,2.57,22.85,0.77,20070205,2914.33,14.03,19.18,8.52,0.0,40.2,239213.0
000983,西山煤电,煤炭开采,山西,6.83,31.51,31.51,632.93,150.79,268.0,10.37,0.33,0.573,6.71,0.78,20000726,136.07,4.32,5.51,18.62,33.02,7.32,136509.0
601601,中国太保,保险,上海,9.93,62.87,90.62,14933.71,0.0,152.68,666.44,7.35,2.529,18.79,1.78,20071225,684.2,7.55,7.39,80.21,0.0,7.36,109647.0
002839,张家港行,银行,江苏,9.72,13.3,18.08,1195.1,0.0,6.67,8.67,0.48,0.41,5.71,0.92,20170124,16.31,0.9,30.15,14.0,0.0,26.1,89593.0
002146,荣盛发展,全国地产,河北,5.6,38.94,43.48,2445.17,2261.68,47.26,50.35,1.16,1.124,8.44,1.0,20070808,222.29,5.11,27.12,30.73,31.31,12.58,75883.0
600350,山东高速,路桥,山东,7.31,48.11,48.11,753.98,65.02,47.61,33.19,0.69,0.441,5.89,0.73,20020318,173.36,3.6,10.25,-28.26,52.81,38.97,60658.0
601288,农业银行,银行,北京,4.97,2940.55,3499.83,248709.61,0.0,1469.08,1735.56,0.5,0.51,4.91,0.7,20100715,7326.08,2.09,3.83,5.28,0.0,38.04,439368.0
600395,盘江股份,煤炭开采,贵州,7.92,16.55,16.55,141.13,52.95,26.68,24.3,1.47,0.541,4.28,1.34,20010531,18.37,1.11,11.26,23.37,38.05,18.13,44294.0
600886,国投电力,水力发电,北京,9.47,67.86,67.86,2251.78,196.5,1385.35,64.69,0.95,0.6,5.32,1.52,19960118,211.78,3.12,6.47,20.51,43.25,13.44,121856.0
601988,中国银行,银行,北京,4.88,2107.66,2943.88,226081.64,0.0,2388.39,1422.23,0.48,0.52,5.53,0.64,20060705,7841.81,2.66,10.69,4.11,0.0,38.33,713108.0
601107,四川成渝,路桥,四川,7.35,21.63,30.58,375.87,85.96,4.83,18.54,0.61,0.365,5.01,0.71,20090727,49.83,1.63,8.24,22.5,46.0,23.88,60153.0
000778,新兴铸管,钢加工,河北,8.2,39.21,39.91,512.25,255.22,156.83,85.96,2.15,0.327,5.28,0.68,19970606,79.65,2.0,1.12,-27.86,12.42,4.07,173525.0
600606,绿地控股,全国地产,上海,4.61,121.68,121.68,10398.64,9167.18,305.87,101.44,0.83,0.971,6.18,0.97,19920327,523.53,4.3,26.17,32.83,14.38,4.02,110466.0
600000,浦发银行,银行,上海,4.94,281.04,293.52,67906.7,0.0,295.1,817.6,2.79,1.62,16.36,0.66,19991110,1611.67,5.49,15.17,11.9,0.0,33.03,165563.0
000828,东莞控股,路桥,广东,6.97,10.4,10.4,121.45,45.91,13.74,11.39,1.1,0.802,6.71,1.11,19970617,40.18,3.87,0.29,17.27,68.57,67.94,31082.0
600382,广东明珠,商贸代理,广东,8.72,6.07,6.07,75.36,58.55,0.59,18.09,2.98,0.535,9.49,0.66,20010118,31.01,5.11,102.28,11.5,75.7,32.58,26767.0
601666,平煤股份,煤炭开采,河南,7.5,23.61,23.61,531.56,189.46,285.86,30.7,1.3,0.37,5.89,0.64,20061123,65.35,2.77,18.65,67.37,19.88,4.97,87140.0
601186,中国铁建,建筑工程,北京,6.21,115.03,135.8,10284.25,7293.44,493.79,404.31,2.98,1.04,11.86,0.76,20080310,1037.36,7.64,14.59,16.15,9.76,2.62,307727.0
600322,天房发展,区域地产,天津,9.71,11.06,11.06,308.66,287.36,0.82,22.05,1.99,0.198,4.28,0.6,20010910,11.28,1.02,39.31,47.09,20.05,6.76,66696.0
601001,大同煤业,煤炭开采,山西,7.14,16.74,16.74,260.52,96.28,98.36,2.42,0.14,0.405,3.84,1.0,20060623,22.94,1.37,10.92,2.95,53.95,7.74,86227.0
000926,福星股份,区域地产,湖北,9.54,9.46,9.62,521.8,412.07,10.24,26.29,2.73,0.42200000000000004,11.64,0.46,19990618,61.75,6.42,-20.09,-39.42,28.58,7.11,44000.0
601668,中国建筑,建筑工程,北京,5.65,411.41,419.76,19446.44,13818.05,355.46,118.12,0.28,0.68,5.81,0.93,20090729,1877.75,4.47,15.83,9.82,10.43,3.08,505452.0
601398,工商银行,银行,北京,5.8,2696.12,3564.06,304263.81,0.0,2480.72,1519.68,0.43,0.706,6.79,0.8,20061027,13682.47,3.84,12.11,5.04,0.0,38.91,565553.0
001872,招商港口,港口,深圳,8.78,4.65,19.22,1526.33,121.59,258.76,198.55,10.33,1.38,18.4,0.82,19930505,111.44,5.8,24.11,175.43,38.11,27.41,34255.0
601588,北辰实业,区域地产,北京,5.32,26.6,33.67,997.55,907.63,24.18,36.49,1.08,0.387,4.28,0.64,20061016,64.45,1.91,-6.53,10.09,43.04,12.95,161342.0
600512,腾达建设,建筑工程,浙江,6.26,15.99,15.99,98.11,64.43,2.91,23.07,1.44,0.32899999999999996,2.96,0.93,20021226,6.68,0.42,2.17,4165.18,9.93,21.52,84256.0
601677,明泰铝业,铝,河南,7.29,5.75,6.16,111.22,74.23,23.33,38.56,6.26,1.17,11.44,0.97,20110919,23.84,3.87,6.6,77.9,11.98,6.69,19710.0
601998,中信银行,银行,北京,5.03,319.05,489.35,64619.1,0.0,214.46,589.77,1.21,0.81,9.04,0.62,20070427,2079.87,4.25,17.3,10.74,0.0,28.62,176307.0
601916,浙商银行,银行,浙江,6.05,20.68,212.69,17204.83,0.0,120.99,221.3,1.04,0.528,5.17,0.82,20191126,285.69,1.34,0.0,0.0,0.0,32.67,0.0
601229,上海银行,银行,上海,5.63,132.62,142.07,21875.59,0.0,55.68,220.53,1.55,1.1520000000000001,10.79,0.8,20161116,490.41,3.45,19.76,14.59,0.0,43.19,132786.0
601898,中煤能源,煤炭开采,北京,7.58,91.52,132.59,2766.79,635.6,1106.87,389.18,2.94,0.435,7.36,0.6,20080201,369.76,2.79,22.17,41.76,30.86,6.11,153317.0
601006,大秦铁路,铁路,山西,6.77,148.67,148.67,1479.82,310.12,781.4,238.98,1.61,0.813,7.49,0.98,20060801,588.02,3.96,2.62,-2.57,25.46,20.19,142270.0
002016,世荣兆业,区域地产,广东,5.97,6.87,8.09,84.63,75.8,0.92,1.35,0.17,0.9259999999999999,3.75,1.96,20040708,18.15,2.24,53.43,30.6,69.27,34.6,26888.0
600016,民生银行,银行,北京,4.26,354.62,437.82,62737.43,0.0,479.17,574.09,1.31,1.04,10.09,0.58,20001219,2234.52,5.1,15.11,6.66,0.0,34.2,387351.0
600782,新钢股份,普钢,江西,4.03,31.89,31.89,447.4,317.72,95.87,56.08,1.76,0.83,6.58,0.68,19961225,110.47,3.46,1.32,-32.96,9.57,6.4,60963.0
000030,富奥股份,汽车配件,吉林,9.81,17.6,18.11,120.73,59.52,21.78,5.17,0.29,0.341,3.53,1.26,19930929,37.8,2.09,20.51,-6.65,13.97,9.0,30966.0
000718,苏宁环球,区域地产,吉林,8.87,22.89,30.35,184.93,158.24,5.95,10.63,0.35,0.266,2.57,1.22,19970408,41.61,1.37,22.82,39.31,63.62,31.85,67746.0
600282,南钢股份,普钢,江苏,4.41,44.3,44.3,448.53,193.63,196.66,18.73,0.42,0.54,3.73,0.84,20000919,91.81,2.07,9.18,-30.9,13.83,6.47,126273.0
600778,友好集团,百货,新疆,8.45,3.11,3.11,50.08,14.95,16.99,4.04,1.3,0.42,2.87,1.65,19961203,0.73,0.23,-9.47,62.34,25.58,3.46,20730.0
600348,阳泉煤业,煤炭开采,山西,5.5,24.05,24.05,466.03,143.7,195.8,-0.19,-0.01,0.664,7.32,0.67,20030821,111.79,4.65,-3.13,13.71,19.36,6.52,93911.0
000732,泰禾集团,区域地产,福建,4.46,24.86,24.89,2305.9,1836.55,35.54,31.47,1.26,0.852,8.84,0.57,19970704,107.76,4.33,8.22,46.85,28.95,10.01,50256.0
603766,隆鑫通用,摩托车,重庆,8.67,20.54,20.54,128.57,64.11,32.35,1.38,0.07,0.299,3.41,1.01,20120810,42.58,2.07,-5.56,0.8,19.0,8.16,46768.0
601328,交通银行,银行,上海,4.87,392.51,742.63,99328.79,0.0,1662.94,1136.63,1.53,0.77,9.1,0.58,20070515,1606.64,2.16,11.7,4.96,0.0,34.12,358617.0
002948,青岛银行,银行,山东,9.17,6.05,45.1,3550.01,0.0,28.54,83.38,1.85,0.32,4.82,1.1,20190116,28.45,0.63,35.88,10.98,0.0,27.08,104747.0
600015,华夏银行,银行,北京,5.4,128.23,153.87,30217.1,0.0,133.15,532.92,3.46,0.94,13.09,0.54,20030912,808.26,5.25,22.23,5.04,0.0,24.64,117437.0
600012,皖通高速,路桥,安徽,7.89,11.66,16.59,152.43,27.45,7.53,2.81,0.17,0.51,6.33,0.85,20030107,76.82,4.63,-0.86,-0.73,57.07,37.92,30700.0
002958,青农商行,银行,山东,9.61,5.56,55.56,3286.16,0.0,30.43,38.18,0.69,0.44,4.29,1.27,20190326,69.79,1.26,22.99,15.87,0.0,35.83,153986.0
600269,赣粤高速,路桥,江西,6.52,23.35,23.35,353.61,76.31,257.86,18.61,0.8,0.431,6.69,0.56,20000518,98.91,4.24,5.84,21.97,44.17,30.01,87682.0
600777,新潮能源,石油开采,山东,9.79,40.51,68.0,286.66,29.27,8.6,66.57,0.98,0.147,2.4,0.8,19961121,17.95,0.26,23.01,53.74,48.92,22.85,98986.0
600020,中原高速,路桥,河南,5.09,22.47,22.47,488.13,56.72,140.74,13.28,0.59,0.52,4.58,0.87,20030808,52.4,2.33,13.87,40.98,58.14,27.22,94371.0
000543,皖能电力,火力发电,安徽,9.99,17.9,22.67,326.08,36.13,167.14,38.2,1.69,0.37,5.78,0.7,19931220,41.97,1.85,22.16,130.5,8.77,5.95,59753.0
002936,郑州银行,银行,河南,5.1,15.06,59.22,4927.94,0.0,22.93,51.64,0.87,0.606,5.33,0.77,20180919,122.2,2.06,19.7,4.49,0.0,37.31,134583.0
601838,成都银行,银行,四川,5.6,18.94,36.12,5431.24,0.0,9.41,61.56,1.7,1.109,9.84,0.84,20180131,154.26,4.27,10.5,18.01,0.0,43.08,80065.0
600508,上海能源,煤炭开采,上海,6.88,7.23,7.23,171.01,34.04,80.32,9.17,1.27,0.924,13.79,0.62,20010829,76.38,10.57,7.32,-11.68,30.9,12.0,47462.0
600985,淮北矿业,煤炭开采,安徽,4.97,5.53,21.72,593.59,108.14,295.47,60.0,2.76,1.31,8.43,1.02,20040428,86.86,4.0,-4.9,14.51,16.48,6.13,13589.0
600919,江苏银行,银行,江苏,4.78,114.06,115.45,20665.77,0.0,53.12,161.52,1.4,1.03,9.38,0.7,20160802,364.2,3.15,27.43,15.82,0.0,35.76,157576.0
000581,威孚高科,汽车配件,江苏,7.86,8.36,10.09,228.23,128.41,27.1,33.92,3.36,1.7109999999999999,16.3,1.1,19980924,115.29,11.43,-7.88,-16.0,21.62,27.32,63734.0
601000,唐山港,港口,河北,8.12,59.26,59.26,241.31,65.31,119.22,36.55,0.62,0.21100000000000002,2.8,0.82,20100705,60.43,1.02,18.85,13.34,19.52,14.69,120308.0
601618,中国中冶,建筑工程,北京,9.59,178.53,207.24,4572.21,3520.58,260.92,224.75,1.08,0.195,3.39,0.73,20090921,260.07,1.25,25.87,7.15,12.0,1.77,420159.0
600908,无锡银行,银行,江苏,7.25,16.97,18.48,1628.67,0.0,9.03,9.56,0.52,0.519,5.79,0.87,20160923,11.62,0.63,7.33,11.29,0.0,37.42,57020.0
601009,南京银行,银行,江苏,5.06,84.82,84.82,13335.59,0.0,62.42,132.42,1.56,1.166,8.79,0.9,20070719,332.61,3.92,21.1,15.33,0.0,40.44,118474.0
000631,顺发恒业,区域地产,吉林,9.04,24.33,24.33,84.54,74.15,0.58,13.9,0.57,0.221,2.65,1.0,19961122,21.7,0.89,-22.58,-37.7,38.46,36.74,31244.0
601336,新华保险,保险,北京,8.25,20.85,31.2,8220.83,0.0,89.88,238.58,7.65,4.168,25.58,1.79,20111216,412.27,13.22,7.57,68.83,0.0,9.79,85274.0
000027,深圳能源,火力发电,深圳,9.58,39.64,39.64,936.12,236.68,358.03,39.45,0.99,0.43200000000000005,6.04,0.91,19930903,101.68,2.56,27.5,183.64,34.18,10.85,105439.0
600033,福建高速,路桥,福建,8.83,27.44,27.44,177.01,21.56,138.63,16.58,0.6,0.242,3.49,0.82,20010209,39.5,1.44,6.08,9.47,65.14,31.78,111955.0
600123,兰花科创,煤炭开采,山西,6.62,11.42,11.42,250.8,49.54,72.56,2.3,0.2,0.648,9.41,0.61,19981217,70.05,6.13,-2.44,-25.15,37.34,12.01,62928.0
600926,杭州银行,银行,浙江,6.31,46.86,51.3,9806.28,0.0,13.26,88.74,1.73,1.034,10.04,0.87,20161027,208.65,4.07,25.85,20.25,0.0,33.07,73498.0
600068,葛洲坝,建筑工程,湖北,6.57,46.05,46.05,2311.76,1301.59,168.07,76.27,1.66,0.58,6.29,0.97,19970526,152.43,3.31,8.24,14.75,15.95,4.38,257701.0
600567,山鹰纸业,造纸,安徽,8.1,45.85,45.85,400.19,130.98,132.9,43.72,0.95,0.29,3.03,1.03,20011218,63.64,1.39,-4.48,-42.83,19.33,7.73,233914.0
600170,上海建工,建筑工程,上海,7.68,84.87,89.04,2293.04,1840.2,83.05,22.0,0.25,0.28,2.91,1.08,19980623,135.96,1.53,32.0,50.24,9.52,1.79,184353.0
601699,潞安环能,煤炭开采,山西,6.75,29.91,29.91,674.14,313.5,217.04,15.88,0.53,0.706,8.75,0.73,20060922,144.46,4.83,0.52,-5.23,39.14,12.13,75918.0
000415,渤海租赁,多元金融,新疆,7.18,35.47,61.85,2704.79,258.53,1935.37,171.22,2.77,0.336,6.21,0.52,19960716,123.55,2.0,-10.57,-14.55,41.27,7.92,103469.0
000069,华侨城Ａ,旅游景点,深圳,6.72,70.36,82.03,3643.95,2926.5,144.01,55.2,0.67,0.731,7.6,0.86,19970910,462.19,5.63,21.63,17.82,62.59,20.08,108137.0
600665,天地源,全国地产,陕西,8.66,8.64,8.64,265.27,255.52,1.33,2.01,0.23,0.284,4.06,0.81,19930709,21.24,2.46,-38.41,-30.36,24.76,9.94,41942.0
600027,华电国际,火力发电,山东,9.8,69.96,98.63,2276.72,284.92,1482.55,131.64,1.33,0.22,4.51,0.74,20050203,180.63,1.83,3.68,59.97,13.6,3.72,123862.0
000656,金科股份,区域地产,重庆,7.03,52.47,53.4,2912.3,2664.12,40.01,45.67,0.86,0.74,4.61,1.52,19961128,118.13,2.21,60.65,81.65,30.1,9.21,116474.0
600023,浙能电力,火力发电,浙江,9.98,136.01,136.01,1098.16,252.16,489.97,241.1,1.77,0.267,4.64,0.77,20131219,190.22,1.4,-7.86,-3.39,12.43,9.15,183739.0
600611,大众交通,公共交通,上海,9.12,15.63,23.64,167.25,96.69,22.57,0.07,0.0,0.293,3.86,0.92,19920807,54.09,2.29,-4.64,19.89,32.28,31.0,148456.0
600266,城建发展,区域地产,北京,5.63,18.8,18.8,1175.63,1073.92,5.92,34.9,1.86,0.86,11.06,0.65,19990203,135.85,7.22,38.83,167.97,22.25,16.86,68915.0
601598,中国外运,仓储物流,北京,9.73,13.52,74.01,601.46,278.95,121.99,61.01,0.82,0.29,3.75,0.99,20190118,135.72,1.83,0.2,9.25,5.9,3.79,85065.0
002233,塔牌集团,水泥,广东,9.57,11.62,11.92,105.31,44.55,28.58,37.34,3.13,0.883,7.66,1.47,20080516,35.94,3.01,-2.02,-15.65,33.91,23.77,58544.0
002128,露天煤业,煤炭开采,内蒙,5.68,16.34,19.22,344.62,97.85,200.34,25.43,1.32,1.13,8.22,0.94,20070418,101.17,5.26,8.76,20.14,27.75,13.79,47879.0
601577,长沙银行,银行,湖南,5.09,9.95,34.22,5919.13,0.0,15.03,59.0,1.72,1.212,9.84,0.84,20180926,155.65,4.55,22.0,11.23,0.0,33.45,65512.0
000046,泛海控股,多元金融,北京,6.49,51.75,51.96,1820.72,1419.05,8.84,69.71,1.34,0.48,4.41,0.94,19940912,85.09,1.64,-31.33,37.23,47.66,145.73,45091.0
000498,山东路桥,建筑工程,山东,9.32,11.2,11.2,285.76,192.89,7.74,-1.75,-0.16,0.336,4.73,0.88,19970609,33.23,2.97,52.05,7.05,8.57,2.38,51402.0
601997,贵阳银行,银行,贵州,4.8,30.7,32.18,5527.18,0.0,40.4,39.43,1.23,1.338,10.18,0.84,20160816,168.2,5.23,18.58,15.34,0.0,39.8,77002.0
600052,浙江广厦,影视音像,浙江,2.46,8.72,8.72,39.53,24.61,0.02,1.58,0.18,1.379,4.11,1.1,19970415,22.92,2.63,-83.92,1011.71,62.68,1488.77,63448.0
603323,苏农银行,银行,江苏,7.55,13.62,18.03,1261.78,0.0,6.8,22.9,1.27,0.47,6.3,0.73,20161129,12.06,0.67,13.9,15.11,0.0,31.73,44880.0
000488,晨鸣纸业,造纸,山东,9.47,16.57,29.05,1041.18,493.53,297.7,50.91,1.75,0.15,5.86,0.79,20001120,87.94,3.03,-6.29,-56.97,27.15,4.85,127898.0
600028,中国石化,石油加工,北京,9.9,955.58,1210.71,18263.36,5350.4,5997.55,1221.21,1.01,0.35700000000000004,6.0,0.79,20010808,2765.79,2.28,7.73,-27.84,15.77,1.94,502791.0
601390,中国中铁,建筑工程,北京,6.23,186.37,245.71,10291.48,6984.66,588.54,552.18,2.25,0.61,7.39,0.71,20071203,912.59,3.71,15.56,18.65,9.81,2.71,628567.0
601169,北京银行,银行,北京,4.6,182.48,211.43,26802.67,0.0,165.37,438.85,2.08,0.83,8.78,0.6,20070919,712.87,3.37,17.03,8.77,0.0,37.58,195950.0
600820,隧道股份,建筑工程,上海,9.22,31.44,31.44,801.62,417.25,27.99,68.33,2.17,0.442,6.82,0.8,19940128,99.65,3.17,18.21,8.55,11.7,5.01,154060.0
000031,大悦城,全国地产,深圳,7.41,18.14,42.86,1770.63,1282.12,43.6,59.49,1.39,0.62,4.39,1.28,19931008,64.51,1.51,68.28,47.08,48.41,10.91,148776.0
600383,金地集团,全国地产,深圳,7.94,45.15,45.15,3216.92,2641.38,10.22,31.02,0.69,1.202,10.86,1.17,20010412,384.0,8.51,28.02,3.41,42.11,12.75,55253.0
000537,广宇发展,区域地产,天津,3.78,5.13,18.63,769.35,686.77,16.67,17.21,0.92,1.321,6.93,0.96,19931210,90.54,4.86,-9.46,6.64,41.35,18.81,34514.0
601800,中国交建,建筑工程,北京,7.11,117.47,161.75,10686.39,5279.92,459.24,279.32,1.73,0.76,11.68,0.67,20120309,1214.3,7.51,14.04,3.73,11.82,3.56,145485.0
603458,勘设股份,建筑工程,贵州,9.88,1.24,1.86,46.99,39.66,4.32,8.07,4.34,1.34,13.25,1.3,20170809,13.23,7.12,13.31,10.57,39.31,14.96,19688.0
600188,兖州煤业,煤炭开采,山东,4.89,29.6,49.12,1975.73,636.05,415.63,11.33,0.23,1.422,11.47,0.81,19980701,473.96,9.65,26.36,26.88,13.72,4.64,70981.0
603980,吉华集团,染料涂料,浙江,9.05,3.44,7.0,52.55,36.42,11.5,11.44,1.63,0.72,6.47,1.09,20170615,24.62,3.52,-5.66,-25.38,33.02,19.96,35603.0
603167,渤海轮渡,水运,山东,9.01,4.61,4.73,51.63,15.4,29.94,9.71,2.05,0.72,7.02,1.25,20120906,16.9,3.58,-0.15,6.39,33.82,27.06,28240.0
601658,邮储银行,银行,北京,6.62,29.74,869.79,101105.24,0.0,448.25,746.48,0.86,0.624,5.69,0.97,20191210,1690.24,1.94,0.0,0.0,0.0,25.81,1600042.0
601188,龙江交通,路桥,黑龙江,9.26,13.16,13.16,53.92,25.83,13.34,12.22,0.93,0.21600000000000003,3.35,0.8,20100319,16.55,1.26,-5.03,16.54,56.99,54.19,51763.0
600995,文山电力,水力发电,云南,6.74,4.79,4.79,29.61,6.46,18.22,1.56,0.33,0.799,4.67,1.54,20040615,13.97,2.92,5.78,16.31,32.37,23.52,43532.0
600755,厦门国贸,商贸代理,福建,4.99,18.5,18.5,957.2,784.94,22.08,26.62,1.44,0.76,7.1,0.96,19961003,79.08,4.27,11.85,1.12,2.71,1.16,120575.0
600724,宁波富达,区域地产,浙江,8.88,14.45,14.45,51.5,31.36,6.03,2.6,0.18,0.26899999999999996,1.95,1.63,19960716,9.03,0.63,-33.22,27.19,35.42,17.07,28328.0
600708,光明地产,全国地产,上海,8.78,22.25,22.29,828.76,811.58,6.11,13.23,0.59,0.22,5.14,0.59,19960606,73.79,3.31,-9.33,-43.34,27.18,6.73,49370.0
600681,百川能源,供气供热,湖北,9.71,14.02,14.43,86.6,28.86,25.82,9.31,0.65,0.456,3.11,1.9,19931018,23.77,1.65,17.67,-8.71,30.1,18.08,28128.0
600368,五洲交通,路桥,广西,3.94,11.26,11.26,110.85,28.82,55.91,4.68,0.42,0.76,3.82,1.04,20001221,22.32,1.98,28.35,191.37,45.26,53.49,69445.0
600057,厦门象屿,仓储物流,福建,7.67,21.57,21.57,680.38,515.51,94.0,49.5,2.29,0.33,4.78,0.82,19970604,30.57,1.42,17.86,7.52,3.04,0.41,48222.0
000922,佳电股份,电气设备,黑龙江,9.94,4.85,4.99,33.83,27.43,4.26,11.96,2.4,0.56,4.3,1.69,19990618,2.76,0.55,19.74,5.93,34.07,16.75,30068.0
000791,甘肃电投,水力发电,甘肃,6.79,13.6,13.6,189.3,23.08,143.81,35.96,2.65,0.359,4.76,0.68,19971014,13.88,1.02,-0.43,-2.9,53.05,27.26,53818.0
000683,远兴能源,化工原料,内蒙,9.61,35.63,39.24,252.79,80.09,125.12,17.71,0.45,0.16399999999999998,2.57,0.82,19970131,47.03,1.2,-14.83,-29.88,38.42,11.31,136101.0
000560,我爱我家,房产服务,云南,9.75,17.98,23.56,190.69,86.76,3.85,55.48,2.36,0.272,4.2,0.84,19940202,18.1,0.77,3.27,27.68,30.22,7.38,30642.0
000517,荣安地产,区域地产,浙江,9.73,30.36,31.84,396.48,373.59,0.22,-17.06,-0.54,0.204,1.73,1.53,19930806,39.25,1.23,8.58,59.66,40.48,25.77,54471.0
600971,恒源煤电,煤炭开采,安徽,6.4,12.0,12.0,154.16,78.5,33.44,18.6,1.55,0.599,6.83,0.75,20040817,39.22,3.27,1.03,4.34,41.75,15.25,43340.0
601101,昊华能源,煤炭开采,北京,6.06,12.0,12.0,234.09,56.77,78.34,33.22,2.77,0.501,7.1,0.57,20100331,26.67,2.22,-3.07,-33.87,52.42,14.26,43786.0
600136,当代明诚,影视音像,湖北,8.07,4.87,5.85,111.12,42.93,0.22,21.55,3.69,1.34,8.33,1.44,19980303,11.03,1.89,1.41,401.26,36.79,48.18,24180.0
600828,茂业商业,百货,四川,5.94,6.55,17.32,191.88,38.41,44.87,0.75,0.04,0.503,3.71,1.07,19940224,23.31,1.35,-4.52,13.48,30.67,10.05,21010.0
600387,海越能源,石油贸易,浙江,5.62,3.88,4.72,45.0,28.36,5.71,11.42,2.42,0.981,6.43,1.14,20040218,11.32,2.4,-46.94,50.05,4.46,5.25,26112.0
600502,安徽建工,建筑工程,安徽,8.88,9.11,17.21,847.26,642.76,31.85,16.46,0.96,0.306,4.13,0.88,20030415,30.58,1.78,14.27,21.78,10.13,1.8,63663.0
600210,紫江企业,广告包装,上海,9.81,15.17,15.17,108.53,57.97,26.77,3.62,0.24,0.268,3.06,1.14,19990824,22.04,1.45,-1.77,3.84,20.44,5.76,112737.0
600548,深高速,路桥,深圳,7.77,14.33,21.81,435.57,68.76,13.27,62.19,2.85,0.986,8.25,1.24,20011225,62.27,2.86,1.09,41.44,49.41,51.39,17525.0
002024,苏宁易购,电器连锁,江苏,5.68,77.75,93.1,2330.53,1085.12,230.45,384.53,4.13,1.3,9.77,0.99,20040721,435.83,4.68,16.21,94.28,14.73,5.92,303513.0
600104,上汽集团,汽车整车,上海,8.99,116.83,116.83,8030.69,4775.62,801.82,553.23,4.74,1.78,20.94,1.02,19971125,1212.12,10.37,-13.62,-24.86,12.49,3.63,145133.0
600533,栖霞建设,区域地产,江苏,4.78,10.5,10.5,213.71,184.0,0.28,10.49,1.0,0.47,3.85,0.78,20020328,14.76,1.41,30.43,340.4,47.37,29.35,55573.0
600064,南京高科,园区开发,江苏,5.57,12.36,12.36,303.96,176.01,3.53,1.23,0.1,1.203,9.31,0.96,19970506,90.87,7.35,-53.09,86.65,41.98,122.45,63115.0
002133,广宇集团,全国地产,浙江,8.06,6.35,7.74,115.39,105.0,0.18,8.47,1.09,0.273,4.37,0.67,20070427,15.63,2.02,23.14,-34.69,29.46,6.64,41355.0
000573,粤宏远Ａ,区域地产,广东,9.76,6.29,6.49,32.61,20.5,1.4,5.47,0.84,0.22,2.77,1.0,19940815,4.3,0.66,180.69,390.99,30.35,18.47,49262.0
000540,中天金融,多元金融,贵州,9.66,69.57,70.05,1171.92,680.65,31.18,11.06,0.16,0.214,2.58,1.07,19940202,93.38,1.33,-0.45,0.72,37.21,14.91,209000.0
600173,卧龙地产,全国地产,浙江,7.56,7.0,7.01,75.59,64.96,0.07,0.2,0.03,0.46,3.68,1.28,19990415,17.03,2.43,-37.22,4.12,46.88,26.02,26100.0
600729,重庆百货,百货,重庆,8.93,4.06,4.07,140.68,77.72,30.66,4.03,0.99,2.225,15.26,1.74,19960702,51.11,12.57,-0.43,17.66,18.19,3.54,14806.0
601019,山东出版,出版业,山东,9.38,4.27,20.87,153.06,111.01,20.25,21.86,1.05,0.523,4.86,1.35,20171122,56.45,2.71,-4.17,-2.7,36.19,17.43,61527.0
000528,柳 工,工程机械,广西,7.96,14.63,14.76,278.5,192.4,27.85,31.27,2.12,0.6,6.87,0.92,19931118,49.22,3.33,5.59,23.31,23.98,6.2,98328.0
000877,天山股份,水泥,新疆,6.77,8.8,10.49,167.4,41.12,112.69,40.73,3.88,1.126,8.77,1.16,19990107,36.66,3.5,28.57,54.29,33.99,16.32,89858.0
600697,欧亚集团,百货,吉林,9.4,1.55,1.59,226.16,54.94,127.84,2.98,1.88,1.253,16.41,0.96,19931206,20.73,13.03,9.78,0.3,23.35,1.6,15390.0
601669,中国电建,建筑工程,北京,7.61,111.44,152.99,8118.75,3942.41,986.95,248.39,1.62,0.36,5.47,0.71,20111018,421.72,2.76,18.18,-3.85,14.19,2.52,264798.0
002394,联发股份,纺织,江苏,9.18,3.22,3.37,43.45,26.85,13.22,10.41,3.09,0.75,9.7,0.91,20100423,17.79,5.28,-10.48,-3.2,20.0,8.45,21140.0
600803,新奥股份,农药化肥,河北,8.52,12.29,12.29,255.05,85.39,72.85,17.94,1.46,0.875,7.57,1.31,19940103,60.65,4.93,-0.61,3.96,18.84,11.05,43456.0
601992,金隅集团,水泥,北京,7.0,83.34,106.78,2789.5,1735.8,432.4,56.81,0.53,0.348,4.27,0.76,20110301,271.34,2.54,20.15,19.75,27.2,5.52,164884.0
600565,迪马股份,全国地产,重庆,9.6,23.69,24.36,766.97,696.84,1.5,23.53,0.97,0.23399999999999999,3.36,0.89,20020723,28.13,1.15,37.26,51.4,30.56,8.92,84966.0
002440,闰土股份,染料涂料,浙江,8.15,9.37,11.51,105.23,58.47,34.1,11.39,0.99,0.937,7.37,1.38,20100706,56.35,4.9,1.12,6.0,34.79,21.09,47450.0
600261,阳光照明,家用电器,浙江,8.62,14.52,14.52,63.65,40.53,11.85,2.86,0.2,0.359,2.63,1.57,20000720,18.11,1.25,-3.84,80.98,31.37,12.93,52391.0
600177,雅戈尔,服饰,浙江,8.27,50.14,50.14,790.28,413.29,65.03,33.04,0.66,0.62,5.38,1.26,19981119,197.12,3.93,45.14,31.43,59.62,44.8,114598.0
600076,康欣新材,其他建材,山东,8.74,10.34,10.34,64.51,35.86,11.05,5.15,0.5,0.335,3.94,0.99,19970526,24.19,2.34,-17.84,-4.05,37.98,22.42,52036.0
600694,大商股份,百货,辽宁,6.46,2.94,2.94,187.44,123.45,46.52,11.72,3.99,2.8480000000000003,30.35,0.81,19931122,64.95,22.11,-8.85,6.55,26.53,4.99,23346.0
000425,徐工机械,工程机械,江苏,9.53,69.95,78.34,691.19,525.75,70.88,50.12,0.64,0.36,3.56,1.38,19960828,139.77,1.78,26.89,100.28,18.57,6.98,207922.0
002759,天际股份,家用电器,广东,6.35,4.02,4.02,35.63,8.27,5.69,19.17,4.77,0.86,7.56,1.06,20150528,6.74,1.68,-8.09,673.02,24.66,67.0,25735.0
002608,江苏国信,火力发电,江苏,9.83,37.78,37.78,700.05,188.32,261.25,167.64,4.44,0.521,7.02,0.97,20110810,16.21,0.43,-8.28,24.33,10.88,13.64,25646.0
000906,浙商中拓,批发业,浙江,7.13,6.55,6.75,176.59,163.89,3.37,6.28,0.93,0.54,3.49,1.6,19990707,10.12,1.5,7.95,89.51,2.36,0.8,21901.0
600901,江苏租赁,多元金融,江苏,9.95,18.2,29.87,664.51,0.0,4.55,43.16,1.45,0.40399999999999997,3.89,1.38,20180301,30.27,1.01,25.0,26.3,0.0,54.35,107609.0
600295,鄂尔多斯,小金属,内蒙,8.99,6.12,14.28,508.9,186.71,210.02,33.78,2.37,0.8,8.66,0.94,20010426,61.28,4.29,-10.96,84.12,26.03,5.86,62913.0
600970,中材国际,建筑工程,江苏,6.76,17.37,17.4,322.41,222.72,19.88,11.37,0.65,0.6629999999999999,5.61,1.06,20050412,63.67,3.66,19.29,14.07,16.21,6.82,80623.0
600682,南京新百,百货,江苏,7.05,10.02,13.46,226.12,86.5,20.49,102.35,7.6,1.09,11.42,0.83,19931018,29.45,2.19,-41.73,274.53,49.51,19.02,40299.0
601717,郑煤机,汽车配件,河南,7.47,14.83,17.32,289.21,189.76,40.47,42.97,2.48,0.612,7.07,0.86,20100803,56.67,3.27,-1.19,54.63,20.22,5.6,65931.0
600208,新湖中宝,全国地产,浙江,8.74,85.98,85.99,1415.46,908.78,5.19,79.72,0.93,0.28600000000000003,4.11,0.81,19990623,180.45,2.1,56.19,38.79,39.83,22.21,105835.0
600449,宁夏建材,水泥,宁夏,5.83,4.78,4.78,81.12,30.42,38.79,20.3,4.24,1.273,11.35,0.87,20030829,26.73,5.59,16.8,74.96,36.5,16.76,29983.0
000726,鲁 泰Ａ,纺织,山东,9.86,5.61,8.58,113.48,40.69,57.71,2.57,0.3,0.68,8.57,1.05,20001225,51.02,5.95,-4.22,0.17,30.46,12.22,56184.0
600720,祁连山,水泥,甘肃,6.6,7.76,7.76,103.75,23.37,61.58,13.41,1.73,1.3419999999999999,8.51,1.39,19960716,39.55,5.1,20.9,88.98,37.15,19.96,54993.0
600390,五矿资本,多元金融,湖南,9.88,44.98,44.98,1274.67,673.27,0.69,213.17,4.74,0.59,7.65,1.02,20010115,61.67,1.37,-15.19,56.59,0.33,51.75,37004.0
000059,华锦股份,石油加工,辽宁,7.04,15.99,15.99,278.59,131.44,125.55,62.02,3.88,0.5770000000000001,8.58,0.63,19970130,53.16,3.32,10.3,-12.83,16.04,3.3,69257.0
000065,北方国际,建筑工程,北京,8.81,6.73,7.7,125.66,90.7,4.16,9.15,1.19,0.644,5.99,1.26,19980605,27.38,3.56,1.64,12.25,16.35,7.48,34739.0
600810,神马股份,化纤,河南,7.63,5.75,5.75,135.0,67.65,25.4,16.44,2.86,0.667,5.84,1.16,19940106,8.94,1.56,12.1,-32.47,9.44,3.92,45431.0
600352,浙江龙盛,染料涂料,浙江,7.99,32.53,32.53,508.16,341.99,49.94,15.64,0.48,1.22,7.26,1.75,20030801,185.3,5.7,14.11,22.13,41.58,23.36,239421.0
601058,赛轮轮胎,汽车配件,山东,9.27,20.78,27.0,180.68,87.03,63.4,17.12,0.63,0.35200000000000004,2.58,1.69,20110630,26.48,0.98,10.14,83.84,23.61,8.39,48583.0
002094,青岛金王,日用化工,山东,7.26,6.52,6.91,58.31,43.19,1.98,11.17,1.62,0.433,4.59,0.91,20061215,12.42,1.8,2.08,84.06,15.54,7.29,34747.0
600260,凯乐科技,通信设备,湖北,9.13,9.49,10.01,159.95,134.74,8.35,19.12,1.91,0.9670000000000001,6.39,1.84,20000706,31.22,3.12,-2.44,14.82,14.86,8.37,70171.0
000591,太阳能,新型电力,重庆,9.24,20.37,30.07,374.34,93.12,256.35,66.93,2.23,0.272,4.4,0.76,19960208,34.38,1.14,22.29,13.81,50.94,22.29,56482.0
000789,万年青,水泥,江西,6.97,7.97,7.97,100.64,41.23,36.9,0.57,0.07,1.14,5.55,1.91,19970923,33.05,4.14,4.61,4.24,30.32,12.38,50819.0
002011,盾安环境,工程机械,浙江,6.15,9.14,9.17,99.45,54.1,13.65,21.17,2.31,0.5539999999999999,2.99,1.52,20040705,-4.7,-0.51,-0.43,1127.83,17.0,7.55,70474.0
000501,鄂武商Ａ,百货,湖北,7.77,7.68,7.69,228.57,65.85,65.15,14.49,1.88,1.07,11.76,0.94,19921120,54.63,7.1,-0.42,4.52,21.59,6.35,23124.0
600308,华泰股份,造纸,山东,8.07,11.68,11.68,141.49,56.69,61.58,22.44,1.92,0.414,6.83,0.65,20000928,38.71,3.32,-9.7,-25.69,12.97,4.8,78780.0
601222,林洋能源,电器仪表,江苏,9.53,17.49,17.58,179.58,79.1,89.23,47.33,2.69,0.39,5.5,0.9,20110808,30.85,1.76,-7.23,6.03,48.02,26.95,51938.0
601216,君正集团,化工原料,内蒙,8.81,84.38,84.38,281.98,25.94,62.07,2.75,0.03,0.23,2.19,1.23,20110222,88.76,1.05,1.54,3.78,42.71,30.32,123216.0
600483,福能股份,火力发电,福建,9.89,15.52,15.52,276.93,77.01,145.03,32.05,2.07,0.633,7.67,1.09,20040531,43.83,2.82,13.66,33.23,19.83,13.26,21893.0
601233,桐昆股份,化纤,浙江,7.83,18.48,18.48,390.44,139.97,160.27,62.26,3.37,1.34,9.68,1.43,20110518,90.53,4.9,20.66,-2.1,13.22,6.58,50241.0
600035,楚天高速,路桥,湖北,7.63,15.25,16.93,104.69,17.7,5.53,12.72,0.75,0.3,3.8,0.82,20040310,24.14,1.43,-12.56,5.47,46.65,26.94,70737.0
600668,尖峰集团,水泥,浙江,6.08,3.44,3.44,54.97,17.34,12.82,4.51,1.31,1.786,10.58,1.37,19930728,25.39,7.38,11.25,25.89,40.99,23.93,30200.0
600987,航民股份,纺织,浙江,9.67,9.21,10.81,68.6,45.7,19.0,0.56,0.05,0.461,4.24,1.4,20040809,31.03,2.87,-13.52,10.11,21.38,9.87,22631.0
600757,长江传媒,出版业,湖北,8.52,12.13,12.14,108.25,84.55,8.28,18.15,1.5,0.529,5.89,1.02,19961003,38.4,3.16,-27.44,1.23,26.89,11.52,36671.0
600587,新华医疗,医疗保健,山东,6.61,4.03,4.06,128.78,59.06,23.36,16.63,4.09,1.974,10.21,1.7,20020927,19.69,4.84,-12.92,422.08,21.76,12.71,37116.0
000900,现代投资,路桥,湖南,5.76,15.17,15.18,349.18,98.95,19.54,4.48,0.3,0.542,6.53,0.64,19990128,68.48,4.51,8.83,2.72,15.78,8.4,62550.0
601828,美凯龙,其他商业,上海,7.69,3.96,35.5,1220.12,157.81,2.33,42.15,1.19,1.0659999999999998,12.55,0.87,20180117,336.45,9.48,18.34,-9.06,67.07,32.0,75602.0
600510,黑牡丹,全国地产,江苏,7.88,10.47,10.47,295.88,252.19,7.62,29.87,2.85,0.612,7.88,0.82,20020618,35.55,3.39,110.07,462.6,41.86,10.49,24639.0
600589,广东榕泰,塑料,广东,8.67,7.04,7.04,52.7,31.03,6.24,13.0,1.85,0.446,4.94,1.04,20010612,13.36,1.9,-11.87,152.23,26.28,30.33,42941.0
